title,price,image,url
Encore Software 267611 Azada 2 Pack- Azada 1 & Azada 2- Magia antigua,Null,https://m.media-amazon.com/images/I/91Po+Mp+aLL._AC_UL320_.jpg,https://www.amazon.com/-/es/Encore-Software-267611-Azada-antigua/dp/B005SZ63HQ/ref=sr_1_1?dib=eyJ2IjoiMSJ9.WPe4_-mz4wrSLIzBl6JSIYHIGtGfkbtyLDoJTGvior47GTfvPPCW6rOL0dS8O1lteAv9QsaGtcWUH4cBt6WIlI8EXgV6LhjHeL5-RnJKB6RTOU1Qee3ghfL1WuPlqDwnmpZoneT0t5NeKsxSuTu-JpJYKe1QIqqE2pG-sQxvSvjmuoRvdttiOcMWY-nJSCNFDt8HTIaCsbmOtZd9gADayvLSOaQ7dk4JKktP1WqzAABTxpy-KToJ3eh4Z7RDUc8gc6Ge2tzngZFZMBY-VQd2RMsC4vyN0pKsGxclZIJSuIU.VDT2jYXz95Ltx07PN4Si3-lCoclAcj2YqoOSLyLt7PU&dib_tag=se&qid=1708419371&refinements=p_36%3A1253503011&rnid=16225007011&s=computers-intl-ship&sr=1-1
Thermos Acero inoxidable. Botella de paja aislada - Azul - 12 oz. electrónica de consumo,19.99,https://m.media-amazon.com/images/I/41MFczl5IES._AC_UL320_.jpg,https://www.amazon.com/-/es/Thermos-Acero-inoxidable-Botella-aislada/dp/B07XFJX4J8/ref=sr_1_2?dib=eyJ2IjoiMSJ9.WPe4_-mz4wrSLIzBl6JSIYHIGtGfkbtyLDoJTGvior47GTfvPPCW6rOL0dS8O1lteAv9QsaGtcWUH4cBt6WIlI8EXgV6LhjHeL5-RnJKB6RTOU1Qee3ghfL1WuPlqDwnmpZoneT0t5NeKsxSuTu-JpJYKe1QIqqE2pG-sQxvSvjmuoRvdttiOcMWY-nJSCNFDt8HTIaCsbmOtZd9gADayvLSOaQ7dk4JKktP1WqzAABTxpy-KToJ3eh4Z7RDUc8gc6Ge2tzngZFZMBY-VQd2RMsC4vyN0pKsGxclZIJSuIU.VDT2jYXz95Ltx07PN4Si3-lCoclAcj2YqoOSLyLt7PU&dib_tag=se&qid=1708419371&refinements=p_36%3A1253503011&rnid=16225007011&s=computers-intl-ship&sr=1-2
HG46/X-038-001 - Vaso de tulipán de 40.5 onzas,12.27,https://m.media-amazon.com/images/I/71-zCFUv9RL._AC_UL320_.jpg,https://www.amazon.com/-/es/Hospitality-Consumer-HG46-X-038-001-tulip%C3%A1n/dp/B0BX13CH7P/ref=sr_1_3?dib=eyJ2IjoiMSJ9.WPe4_-mz4wrSLIzBl6JSIYHIGtGfkbtyLDoJTGvior47GTfvPPCW6rOL0dS8O1lteAv9QsaGtcWUH4cBt6WIlI8EXgV6LhjHeL5-RnJKB6RTOU1Qee3ghfL1WuPlqDwnmpZoneT0t5NeKsxSuTu-JpJYKe1QIqqE2pG-sQxvSvjmuoRvdttiOcMWY-nJSCNFDt8HTIaCsbmOtZd9gADayvLSOaQ7dk4JKktP1WqzAABTxpy-KToJ3eh4Z7RDUc8gc6Ge2tzngZFZMBY-VQd2RMsC4vyN0pKsGxclZIJSuIU.VDT2jYXz95Ltx07PN4Si3-lCoclAcj2YqoOSLyLt7PU&dib_tag=se&qid=1708419371&refinements=p_36%3A1253503011&rnid=16225007011&s=computers-intl-ship&sr=1-3
HB46/BARSTIK-PB-001 Barstik 9" - Negro,21.05,https://m.media-amazon.com/images/I/71IZ6ViCh8L._AC_UL320_.jpg,https://www.amazon.com/-/es/Hospitality-Consumer-HB46-BARSTIK-PB-001-Barstik/dp/B0BX129SHD/ref=sr_1_4?dib=eyJ2IjoiMSJ9.WPe4_-mz4wrSLIzBl6JSIYHIGtGfkbtyLDoJTGvior47GTfvPPCW6rOL0dS8O1lteAv9QsaGtcWUH4cBt6WIlI8EXgV6LhjHeL5-RnJKB6RTOU1Qee3ghfL1WuPlqDwnmpZoneT0t5NeKsxSuTu-JpJYKe1QIqqE2pG-sQxvSvjmuoRvdttiOcMWY-nJSCNFDt8HTIaCsbmOtZd9gADayvLSOaQ7dk4JKktP1WqzAABTxpy-KToJ3eh4Z7RDUc8gc6Ge2tzngZFZMBY-VQd2RMsC4vyN0pKsGxclZIJSuIU.VDT2jYXz95Ltx07PN4Si3-lCoclAcj2YqoOSLyLt7PU&dib_tag=se&qid=1708419371&refinements=p_36%3A1253503011&rnid=16225007011&s=computers-intl-ship&sr=1-4
HB46/JULEP-G-001 Juliep - Colador doble propósito de 6.5 pulgadas. color dorado,8.32,https://m.media-amazon.com/images/I/71zKOOVQd6L._AC_UL320_.jpg,https://www.amazon.com/-/es/Hospitality-Consumer-HB46-JULEP-G-001-Juliep/dp/B0BX11MHBN/ref=sr_1_5?dib=eyJ2IjoiMSJ9.WPe4_-mz4wrSLIzBl6JSIYHIGtGfkbtyLDoJTGvior47GTfvPPCW6rOL0dS8O1lteAv9QsaGtcWUH4cBt6WIlI8EXgV6LhjHeL5-RnJKB6RTOU1Qee3ghfL1WuPlqDwnmpZoneT0t5NeKsxSuTu-JpJYKe1QIqqE2pG-sQxvSvjmuoRvdttiOcMWY-nJSCNFDt8HTIaCsbmOtZd9gADayvLSOaQ7dk4JKktP1WqzAABTxpy-KToJ3eh4Z7RDUc8gc6Ge2tzngZFZMBY-VQd2RMsC4vyN0pKsGxclZIJSuIU.VDT2jYXz95Ltx07PN4Si3-lCoclAcj2YqoOSLyLt7PU&dib_tag=se&qid=1708419371&refinements=p_36%3A1253503011&rnid=16225007011&s=computers-intl-ship&sr=1-5
HB46/BF006-001 Barflow 4.75" - Negro,7.59,https://m.media-amazon.com/images/I/61BiPWOyzkL._AC_UL320_.jpg,https://www.amazon.com/-/es/Hospitality-Consumer-HB46-BF006-001-Barflow/dp/B0BWZZ1C2W/ref=sr_1_6?dib=eyJ2IjoiMSJ9.WPe4_-mz4wrSLIzBl6JSIYHIGtGfkbtyLDoJTGvior47GTfvPPCW6rOL0dS8O1lteAv9QsaGtcWUH4cBt6WIlI8EXgV6LhjHeL5-RnJKB6RTOU1Qee3ghfL1WuPlqDwnmpZoneT0t5NeKsxSuTu-JpJYKe1QIqqE2pG-sQxvSvjmuoRvdttiOcMWY-nJSCNFDt8HTIaCsbmOtZd9gADayvLSOaQ7dk4JKktP1WqzAABTxpy-KToJ3eh4Z7RDUc8gc6Ge2tzngZFZMBY-VQd2RMsC4vyN0pKsGxclZIJSuIU.VDT2jYXz95Ltx07PN4Si3-lCoclAcj2YqoOSLyLt7PU&dib_tag=se&qid=1708419371&refinements=p_36%3A1253503011&rnid=16225007011&s=computers-intl-ship&sr=1-6
D REPL.,22.32,https://m.media-amazon.com/images/I/6197HGro18L._AC_UL320_.jpg,https://www.amazon.com/-/es/56360-D-REPL/dp/B00IVQI2ZK/ref=sr_1_7?dib=eyJ2IjoiMSJ9.WPe4_-mz4wrSLIzBl6JSIYHIGtGfkbtyLDoJTGvior47GTfvPPCW6rOL0dS8O1lteAv9QsaGtcWUH4cBt6WIlI8EXgV6LhjHeL5-RnJKB6RTOU1Qee3ghfL1WuPlqDwnmpZoneT0t5NeKsxSuTu-JpJYKe1QIqqE2pG-sQxvSvjmuoRvdttiOcMWY-nJSCNFDt8HTIaCsbmOtZd9gADayvLSOaQ7dk4JKktP1WqzAABTxpy-KToJ3eh4Z7RDUc8gc6Ge2tzngZFZMBY-VQd2RMsC4vyN0pKsGxclZIJSuIU.VDT2jYXz95Ltx07PN4Si3-lCoclAcj2YqoOSLyLt7PU&dib_tag=se&qid=1708419371&refinements=p_36%3A1253503011&rnid=16225007011&s=computers-intl-ship&sr=1-7
HP Cable de cinta 80WAY para PROLIANT,Null,https://m.media-amazon.com/images/I/71Xe6lVx0RL._AC_UL320_.jpg,https://www.amazon.com/-/es/Cable-cinta-80WAY-para-PROLIANT/dp/B00APT0LIW/ref=sr_1_8?dib=eyJ2IjoiMSJ9.WPe4_-mz4wrSLIzBl6JSIYHIGtGfkbtyLDoJTGvior47GTfvPPCW6rOL0dS8O1lteAv9QsaGtcWUH4cBt6WIlI8EXgV6LhjHeL5-RnJKB6RTOU1Qee3ghfL1WuPlqDwnmpZoneT0t5NeKsxSuTu-JpJYKe1QIqqE2pG-sQxvSvjmuoRvdttiOcMWY-nJSCNFDt8HTIaCsbmOtZd9gADayvLSOaQ7dk4JKktP1WqzAABTxpy-KToJ3eh4Z7RDUc8gc6Ge2tzngZFZMBY-VQd2RMsC4vyN0pKsGxclZIJSuIU.VDT2jYXz95Ltx07PN4Si3-lCoclAcj2YqoOSLyLt7PU&dib_tag=se&qid=1708419371&refinements=p_36%3A1253503011&rnid=16225007011&s=computers-intl-ship&sr=1-8
IBM 4849KDF Windows Small Business Server 2011 (CD-ROM),9.23,https://m.media-amazon.com/images/I/71nL4XUcG6L._AC_UL320_.jpg,https://www.amazon.com/-/es/4849KDF/dp/B0051X5T8E/ref=sr_1_9?dib=eyJ2IjoiMSJ9.WPe4_-mz4wrSLIzBl6JSIYHIGtGfkbtyLDoJTGvior47GTfvPPCW6rOL0dS8O1lteAv9QsaGtcWUH4cBt6WIlI8EXgV6LhjHeL5-RnJKB6RTOU1Qee3ghfL1WuPlqDwnmpZoneT0t5NeKsxSuTu-JpJYKe1QIqqE2pG-sQxvSvjmuoRvdttiOcMWY-nJSCNFDt8HTIaCsbmOtZd9gADayvLSOaQ7dk4JKktP1WqzAABTxpy-KToJ3eh4Z7RDUc8gc6Ge2tzngZFZMBY-VQd2RMsC4vyN0pKsGxclZIJSuIU.VDT2jYXz95Ltx07PN4Si3-lCoclAcj2YqoOSLyLt7PU&dib_tag=se&qid=1708419371&refinements=p_36%3A1253503011&rnid=16225007011&s=computers-intl-ship&sr=1-9
Axis Communications Servidor de vídeo 0185-004. 241Q,17.99,https://m.media-amazon.com/images/I/91dwvEcytyL._AC_UL320_.jpg,https://www.amazon.com/-/es/Axis-Communications-Servidor-v%C3%ADdeo-0185-004/dp/B001MUJ9UE/ref=sr_1_10?dib=eyJ2IjoiMSJ9.WPe4_-mz4wrSLIzBl6JSIYHIGtGfkbtyLDoJTGvior47GTfvPPCW6rOL0dS8O1lteAv9QsaGtcWUH4cBt6WIlI8EXgV6LhjHeL5-RnJKB6RTOU1Qee3ghfL1WuPlqDwnmpZoneT0t5NeKsxSuTu-JpJYKe1QIqqE2pG-sQxvSvjmuoRvdttiOcMWY-nJSCNFDt8HTIaCsbmOtZd9gADayvLSOaQ7dk4JKktP1WqzAABTxpy-KToJ3eh4Z7RDUc8gc6Ge2tzngZFZMBY-VQd2RMsC4vyN0pKsGxclZIJSuIU.VDT2jYXz95Ltx07PN4Si3-lCoclAcj2YqoOSLyLt7PU&dib_tag=se&qid=1708419371&refinements=p_36%3A1253503011&rnid=16225007011&s=computers-intl-ship&sr=1-10
HP 452698-B21 PCI-X Riser Kit FORDL160G5/DL165G5 Tarjeta de puerto serie,14.59,https://m.media-amazon.com/images/I/41foOQuFW2S._AC_UL320_.jpg,https://www.amazon.com/-/es/452698-B21-FORDL160G5-DL165G5-Tarjeta-puerto/dp/B0012MGS8I/ref=sr_1_11?dib=eyJ2IjoiMSJ9.WPe4_-mz4wrSLIzBl6JSIYHIGtGfkbtyLDoJTGvior47GTfvPPCW6rOL0dS8O1lteAv9QsaGtcWUH4cBt6WIlI8EXgV6LhjHeL5-RnJKB6RTOU1Qee3ghfL1WuPlqDwnmpZoneT0t5NeKsxSuTu-JpJYKe1QIqqE2pG-sQxvSvjmuoRvdttiOcMWY-nJSCNFDt8HTIaCsbmOtZd9gADayvLSOaQ7dk4JKktP1WqzAABTxpy-KToJ3eh4Z7RDUc8gc6Ge2tzngZFZMBY-VQd2RMsC4vyN0pKsGxclZIJSuIU.VDT2jYXz95Ltx07PN4Si3-lCoclAcj2YqoOSLyLt7PU&dib_tag=se&qid=1708419371&refinements=p_36%3A1253503011&rnid=16225007011&s=computers-intl-ship&sr=1-11
HB46/X-003-C-001 - Pinzas largas de 12 pulgadas. cobre,17.02,https://m.media-amazon.com/images/I/61noHr7P5IL._AC_UL320_.jpg,https://www.amazon.com/-/es/Hospitality-Consumer-HB46-X-003-C-001-pulgadas/dp/B0BX14VSK1/ref=sr_1_12?dib=eyJ2IjoiMSJ9.WPe4_-mz4wrSLIzBl6JSIYHIGtGfkbtyLDoJTGvior47GTfvPPCW6rOL0dS8O1lteAv9QsaGtcWUH4cBt6WIlI8EXgV6LhjHeL5-RnJKB6RTOU1Qee3ghfL1WuPlqDwnmpZoneT0t5NeKsxSuTu-JpJYKe1QIqqE2pG-sQxvSvjmuoRvdttiOcMWY-nJSCNFDt8HTIaCsbmOtZd9gADayvLSOaQ7dk4JKktP1WqzAABTxpy-KToJ3eh4Z7RDUc8gc6Ge2tzngZFZMBY-VQd2RMsC4vyN0pKsGxclZIJSuIU.VDT2jYXz95Ltx07PN4Si3-lCoclAcj2YqoOSLyLt7PU&dib_tag=se&qid=1708419371&refinements=p_36%3A1253503011&rnid=16225007011&s=computers-intl-ship&sr=1-12
HB46/PROMEGJIG-M-001 ProMegJig 1 oz / 1.5 oz - Cromo,18.08,https://m.media-amazon.com/images/I/61VOtZn5fCL._AC_UL320_.jpg,https://www.amazon.com/-/es/Hospitality-Consumer-HB46-PROMEGJIG-M-001-ProMegJig/dp/B0BX13XWNB/ref=sr_1_13?dib=eyJ2IjoiMSJ9.WPe4_-mz4wrSLIzBl6JSIYHIGtGfkbtyLDoJTGvior47GTfvPPCW6rOL0dS8O1lteAv9QsaGtcWUH4cBt6WIlI8EXgV6LhjHeL5-RnJKB6RTOU1Qee3ghfL1WuPlqDwnmpZoneT0t5NeKsxSuTu-JpJYKe1QIqqE2pG-sQxvSvjmuoRvdttiOcMWY-nJSCNFDt8HTIaCsbmOtZd9gADayvLSOaQ7dk4JKktP1WqzAABTxpy-KToJ3eh4Z7RDUc8gc6Ge2tzngZFZMBY-VQd2RMsC4vyN0pKsGxclZIJSuIU.VDT2jYXz95Ltx07PN4Si3-lCoclAcj2YqoOSLyLt7PU&dib_tag=se&qid=1708419371&refinements=p_36%3A1253503011&rnid=16225007011&s=computers-intl-ship&sr=1-13
HB46/BARRAY-001 Barray - Colador de 4.75 pulgadas. cromado,12.44,https://m.media-amazon.com/images/I/31gi1j6oOPL._AC_UL320_.jpg,https://www.amazon.com/-/es/Hospitality-Consumer-HB46-BARRAY-001-Barray/dp/B0BX132PM3/ref=sr_1_14?dib=eyJ2IjoiMSJ9.WPe4_-mz4wrSLIzBl6JSIYHIGtGfkbtyLDoJTGvior47GTfvPPCW6rOL0dS8O1lteAv9QsaGtcWUH4cBt6WIlI8EXgV6LhjHeL5-RnJKB6RTOU1Qee3ghfL1WuPlqDwnmpZoneT0t5NeKsxSuTu-JpJYKe1QIqqE2pG-sQxvSvjmuoRvdttiOcMWY-nJSCNFDt8HTIaCsbmOtZd9gADayvLSOaQ7dk4JKktP1WqzAABTxpy-KToJ3eh4Z7RDUc8gc6Ge2tzngZFZMBY-VQd2RMsC4vyN0pKsGxclZIJSuIU.VDT2jYXz95Ltx07PN4Si3-lCoclAcj2YqoOSLyLt7PU&dib_tag=se&qid=1708419371&refinements=p_36%3A1253503011&rnid=16225007011&s=computers-intl-ship&sr=1-14
HB46/X-003-PB-001 Pinzas Largas de 12" - Negro,15.68,https://m.media-amazon.com/images/I/612huvMOZBL._AC_UL320_.jpg,https://www.amazon.com/-/es/Hospitality-Consumer-HB46-X-003-PB-001-Pinzas/dp/B0BX12C3ZG/ref=sr_1_15?dib=eyJ2IjoiMSJ9.WPe4_-mz4wrSLIzBl6JSIYHIGtGfkbtyLDoJTGvior47GTfvPPCW6rOL0dS8O1lteAv9QsaGtcWUH4cBt6WIlI8EXgV6LhjHeL5-RnJKB6RTOU1Qee3ghfL1WuPlqDwnmpZoneT0t5NeKsxSuTu-JpJYKe1QIqqE2pG-sQxvSvjmuoRvdttiOcMWY-nJSCNFDt8HTIaCsbmOtZd9gADayvLSOaQ7dk4JKktP1WqzAABTxpy-KToJ3eh4Z7RDUc8gc6Ge2tzngZFZMBY-VQd2RMsC4vyN0pKsGxclZIJSuIU.VDT2jYXz95Ltx07PN4Si3-lCoclAcj2YqoOSLyLt7PU&dib_tag=se&qid=1708419371&refinements=p_36%3A1253503011&rnid=16225007011&s=computers-intl-ship&sr=1-15
HB46/PF006-001 Proflow - Negro,14.15,https://m.media-amazon.com/images/I/518EjLzMDiL._AC_UL320_.jpg,https://www.amazon.com/-/es/Hospitality-Consumer-HB46-PF006-001-Proflow/dp/B0BX128G41/ref=sr_1_16?dib=eyJ2IjoiMSJ9.WPe4_-mz4wrSLIzBl6JSIYHIGtGfkbtyLDoJTGvior47GTfvPPCW6rOL0dS8O1lteAv9QsaGtcWUH4cBt6WIlI8EXgV6LhjHeL5-RnJKB6RTOU1Qee3ghfL1WuPlqDwnmpZoneT0t5NeKsxSuTu-JpJYKe1QIqqE2pG-sQxvSvjmuoRvdttiOcMWY-nJSCNFDt8HTIaCsbmOtZd9gADayvLSOaQ7dk4JKktP1WqzAABTxpy-KToJ3eh4Z7RDUc8gc6Ge2tzngZFZMBY-VQd2RMsC4vyN0pKsGxclZIJSuIU.VDT2jYXz95Ltx07PN4Si3-lCoclAcj2YqoOSLyLt7PU&dib_tag=se&qid=1708419371&refinements=p_36%3A1253503011&rnid=16225007011&s=computers-intl-ship&sr=1-16
HB46/PF005-001 Proflow - Copper,13.84,https://m.media-amazon.com/images/I/51h5qOaN9IL._AC_UL320_.jpg,https://www.amazon.com/-/es/HB46-PF005-001/dp/B0BX11HR12/ref=sr_1_17?dib=eyJ2IjoiMSJ9.WPe4_-mz4wrSLIzBl6JSIYHIGtGfkbtyLDoJTGvior47GTfvPPCW6rOL0dS8O1lteAv9QsaGtcWUH4cBt6WIlI8EXgV6LhjHeL5-RnJKB6RTOU1Qee3ghfL1WuPlqDwnmpZoneT0t5NeKsxSuTu-JpJYKe1QIqqE2pG-sQxvSvjmuoRvdttiOcMWY-nJSCNFDt8HTIaCsbmOtZd9gADayvLSOaQ7dk4JKktP1WqzAABTxpy-KToJ3eh4Z7RDUc8gc6Ge2tzngZFZMBY-VQd2RMsC4vyN0pKsGxclZIJSuIU.VDT2jYXz95Ltx07PN4Si3-lCoclAcj2YqoOSLyLt7PU&dib_tag=se&qid=1708419371&refinements=p_36%3A1253503011&rnid=16225007011&s=computers-intl-ship&sr=1-17
HB46/X-034-G-001 Toby Tin 19.5 oz. - Oro,14.48,https://m.media-amazon.com/images/I/31QSgvP76xL._AC_UL320_.jpg,https://www.amazon.com/-/es/Hospitality-Consumer-HB46-X-034-G-001-Toby/dp/B0BX11FM3Q/ref=sr_1_18?dib=eyJ2IjoiMSJ9.WPe4_-mz4wrSLIzBl6JSIYHIGtGfkbtyLDoJTGvior47GTfvPPCW6rOL0dS8O1lteAv9QsaGtcWUH4cBt6WIlI8EXgV6LhjHeL5-RnJKB6RTOU1Qee3ghfL1WuPlqDwnmpZoneT0t5NeKsxSuTu-JpJYKe1QIqqE2pG-sQxvSvjmuoRvdttiOcMWY-nJSCNFDt8HTIaCsbmOtZd9gADayvLSOaQ7dk4JKktP1WqzAABTxpy-KToJ3eh4Z7RDUc8gc6Ge2tzngZFZMBY-VQd2RMsC4vyN0pKsGxclZIJSuIU.VDT2jYXz95Ltx07PN4Si3-lCoclAcj2YqoOSLyLt7PU&dib_tag=se&qid=1708419371&refinements=p_36%3A1253503011&rnid=16225007011&s=computers-intl-ship&sr=1-18
HB46/PROMEGJIG-MC-001 ProMegJig 1 oz. / 1.5 oz. - Cobre,23.87,https://m.media-amazon.com/images/I/61knPPIWoKL._AC_UL320_.jpg,https://www.amazon.com/-/es/Hospitality-Consumer-HB46-PROMEGJIG-MC-001-ProMegJig/dp/B0BWZZGZPB/ref=sr_1_19?dib=eyJ2IjoiMSJ9.WPe4_-mz4wrSLIzBl6JSIYHIGtGfkbtyLDoJTGvior47GTfvPPCW6rOL0dS8O1lteAv9QsaGtcWUH4cBt6WIlI8EXgV6LhjHeL5-RnJKB6RTOU1Qee3ghfL1WuPlqDwnmpZoneT0t5NeKsxSuTu-JpJYKe1QIqqE2pG-sQxvSvjmuoRvdttiOcMWY-nJSCNFDt8HTIaCsbmOtZd9gADayvLSOaQ7dk4JKktP1WqzAABTxpy-KToJ3eh4Z7RDUc8gc6Ge2tzngZFZMBY-VQd2RMsC4vyN0pKsGxclZIJSuIU.VDT2jYXz95Ltx07PN4Si3-lCoclAcj2YqoOSLyLt7PU&dib_tag=se&qid=1708419371&refinements=p_36%3A1253503011&rnid=16225007011&s=computers-intl-ship&sr=1-19
HB46/BARRAY-PB-001 Barray - Colador de 4.75 pulgadas. color negro,18.26,https://m.media-amazon.com/images/I/41utHFWWLeL._AC_UL320_.jpg,https://www.amazon.com/-/es/Hospitality-Consumer-HB46-BARRAY-PB-001-Barray/dp/B0BWZZFQJ7/ref=sr_1_20?dib=eyJ2IjoiMSJ9.WPe4_-mz4wrSLIzBl6JSIYHIGtGfkbtyLDoJTGvior47GTfvPPCW6rOL0dS8O1lteAv9QsaGtcWUH4cBt6WIlI8EXgV6LhjHeL5-RnJKB6RTOU1Qee3ghfL1WuPlqDwnmpZoneT0t5NeKsxSuTu-JpJYKe1QIqqE2pG-sQxvSvjmuoRvdttiOcMWY-nJSCNFDt8HTIaCsbmOtZd9gADayvLSOaQ7dk4JKktP1WqzAABTxpy-KToJ3eh4Z7RDUc8gc6Ge2tzngZFZMBY-VQd2RMsC4vyN0pKsGxclZIJSuIU.VDT2jYXz95Ltx07PN4Si3-lCoclAcj2YqoOSLyLt7PU&dib_tag=se&qid=1708419371&refinements=p_36%3A1253503011&rnid=16225007011&s=computers-intl-ship&sr=1-20
HB46/BARRAY-C-001 Barray - Colador de 4.75 pulgadas. cobre,18.29,https://m.media-amazon.com/images/I/41yO9xGlxJL._AC_UL320_.jpg,https://www.amazon.com/-/es/Hospitality-Consumer-HB46-BARRAY-C-001-Barray/dp/B0BWZYZJC5/ref=sr_1_21?dib=eyJ2IjoiMSJ9.WPe4_-mz4wrSLIzBl6JSIYHIGtGfkbtyLDoJTGvior47GTfvPPCW6rOL0dS8O1lteAv9QsaGtcWUH4cBt6WIlI8EXgV6LhjHeL5-RnJKB6RTOU1Qee3ghfL1WuPlqDwnmpZoneT0t5NeKsxSuTu-JpJYKe1QIqqE2pG-sQxvSvjmuoRvdttiOcMWY-nJSCNFDt8HTIaCsbmOtZd9gADayvLSOaQ7dk4JKktP1WqzAABTxpy-KToJ3eh4Z7RDUc8gc6Ge2tzngZFZMBY-VQd2RMsC4vyN0pKsGxclZIJSuIU.VDT2jYXz95Ltx07PN4Si3-lCoclAcj2YqoOSLyLt7PU&dib_tag=se&qid=1708419371&refinements=p_36%3A1253503011&rnid=16225007011&s=computers-intl-ship&sr=1-21
HB46/BFSM-001 Barflow 4.75" - Negro + Protector a presión,8.59,https://m.media-amazon.com/images/I/31qV2uP1heL._AC_UL320_.jpg,https://www.amazon.com/-/es/Hospitality-Consumer-HB46-BFSM-001-Barflow/dp/B0BWZWQWTF/ref=sr_1_22?dib=eyJ2IjoiMSJ9.WPe4_-mz4wrSLIzBl6JSIYHIGtGfkbtyLDoJTGvior47GTfvPPCW6rOL0dS8O1lteAv9QsaGtcWUH4cBt6WIlI8EXgV6LhjHeL5-RnJKB6RTOU1Qee3ghfL1WuPlqDwnmpZoneT0t5NeKsxSuTu-JpJYKe1QIqqE2pG-sQxvSvjmuoRvdttiOcMWY-nJSCNFDt8HTIaCsbmOtZd9gADayvLSOaQ7dk4JKktP1WqzAABTxpy-KToJ3eh4Z7RDUc8gc6Ge2tzngZFZMBY-VQd2RMsC4vyN0pKsGxclZIJSuIU.VDT2jYXz95Ltx07PN4Si3-lCoclAcj2YqoOSLyLt7PU&dib_tag=se&qid=1708419371&refinements=p_36%3A1253503011&rnid=16225007011&s=computers-intl-ship&sr=1-22
HB46/X-076-C-001 - Pinzas para adornar. cobre,14.45,https://m.media-amazon.com/images/I/31UTWPnk9XL._AC_UL320_.jpg,https://www.amazon.com/-/es/Hospitality-Consumer-HB46-X-076-C-001-adornar/dp/B0BWZWF5CC/ref=sr_1_23?dib=eyJ2IjoiMSJ9.WPe4_-mz4wrSLIzBl6JSIYHIGtGfkbtyLDoJTGvior47GTfvPPCW6rOL0dS8O1lteAv9QsaGtcWUH4cBt6WIlI8EXgV6LhjHeL5-RnJKB6RTOU1Qee3ghfL1WuPlqDwnmpZoneT0t5NeKsxSuTu-JpJYKe1QIqqE2pG-sQxvSvjmuoRvdttiOcMWY-nJSCNFDt8HTIaCsbmOtZd9gADayvLSOaQ7dk4JKktP1WqzAABTxpy-KToJ3eh4Z7RDUc8gc6Ge2tzngZFZMBY-VQd2RMsC4vyN0pKsGxclZIJSuIU.VDT2jYXz95Ltx07PN4Si3-lCoclAcj2YqoOSLyLt7PU&dib_tag=se&qid=1708419371&refinements=p_36%3A1253503011&rnid=16225007011&s=computers-intl-ship&sr=1-23
HB46/X-000.1-001 Snubnose - Colador de 6.75 pulgadas. cromado,11.23,https://m.media-amazon.com/images/I/41QwGUNt5ZL._AC_UL320_.jpg,https://www.amazon.com/-/es/Hospitality-Consumer-HB46-X-000-1-001-Snubnose/dp/B0BWZTPYRY/ref=sr_1_24?dib=eyJ2IjoiMSJ9.WPe4_-mz4wrSLIzBl6JSIYHIGtGfkbtyLDoJTGvior47GTfvPPCW6rOL0dS8O1lteAv9QsaGtcWUH4cBt6WIlI8EXgV6LhjHeL5-RnJKB6RTOU1Qee3ghfL1WuPlqDwnmpZoneT0t5NeKsxSuTu-JpJYKe1QIqqE2pG-sQxvSvjmuoRvdttiOcMWY-nJSCNFDt8HTIaCsbmOtZd9gADayvLSOaQ7dk4JKktP1WqzAABTxpy-KToJ3eh4Z7RDUc8gc6Ge2tzngZFZMBY-VQd2RMsC4vyN0pKsGxclZIJSuIU.VDT2jYXz95Ltx07PN4Si3-lCoclAcj2YqoOSLyLt7PU&dib_tag=se&qid=1708419371&refinements=p_36%3A1253503011&rnid=16225007011&s=computers-intl-ship&sr=1-24
HB46/BARRAY-G-001 Barray - Colador de 4.75 pulgadas. color dorado,21.77,https://m.media-amazon.com/images/I/41DReGYZD9L._AC_UL320_.jpg,https://www.amazon.com/-/es/Hospitality-Consumer-HB46-BARRAY-G-001-Barray/dp/B0BWZSZHSH/ref=sr_1_25?dib=eyJ2IjoiMSJ9.QuDG9K-QeNhE2oo5Vrm2XAN6xRvVXo21QZe-GFUUGZ8PtTcJLKyAQaUFVGsRXCdSXiDdJ5oCRsnx1nS4VQpw68xak3Pl8hbL43V7IkFJZC7-gRvsNl9LJRey1AlK_ppb0ZVMoAQmET1jbah48Y6Dgw.09yWydPQqDnG6xMR8GkJiDkWhsZzxsS6Jl91au9I8Hc&dib_tag=se&qid=1708419375&refinements=p_36%3A1253503011&rnid=16225007011&s=computers-intl-ship&sr=1-25
Panduit S6219BF lista de películas,13.34,https://m.media-amazon.com/images/I/51PAhu22CvL._AC_UL320_.jpg,https://www.amazon.com/-/es/Panduit-S6219BF-lista-de-pel%C3%ADculas/dp/B07S3WTFHY/ref=sr_1_26?dib=eyJ2IjoiMSJ9.QuDG9K-QeNhE2oo5Vrm2XAN6xRvVXo21QZe-GFUUGZ8PtTcJLKyAQaUFVGsRXCdSXiDdJ5oCRsnx1nS4VQpw68xak3Pl8hbL43V7IkFJZC7-gRvsNl9LJRey1AlK_ppb0ZVMoAQmET1jbah48Y6Dgw.09yWydPQqDnG6xMR8GkJiDkWhsZzxsS6Jl91au9I8Hc&dib_tag=se&qid=1708419375&refinements=p_36%3A1253503011&rnid=16225007011&s=computers-intl-ship&sr=1-26
Panduit N8522BYT lista de películas,17.25,https://m.media-amazon.com/images/I/41ogglUD7aL._AC_UL320_.jpg,https://www.amazon.com/-/es/Panduit-N8522BYT-lista-de-pel%C3%ADculas/dp/B07S1NT5D1/ref=sr_1_27?dib=eyJ2IjoiMSJ9.QuDG9K-QeNhE2oo5Vrm2XAN6xRvVXo21QZe-GFUUGZ8PtTcJLKyAQaUFVGsRXCdSXiDdJ5oCRsnx1nS4VQpw68xak3Pl8hbL43V7IkFJZC7-gRvsNl9LJRey1AlK_ppb0ZVMoAQmET1jbah48Y6Dgw.09yWydPQqDnG6xMR8GkJiDkWhsZzxsS6Jl91au9I8Hc&dib_tag=se&qid=1708419375&refinements=p_36%3A1253503011&rnid=16225007011&s=computers-intl-ship&sr=1-27
Panduit N8829BT,20.17,https://m.media-amazon.com/images/I/81q+I96aqTL._AC_UL320_.jpg,https://www.amazon.com/-/es/PSL-8-LB-Panduit-N8829BT/dp/B073H6SRFC/ref=sr_1_28?dib=eyJ2IjoiMSJ9.QuDG9K-QeNhE2oo5Vrm2XAN6xRvVXo21QZe-GFUUGZ8PtTcJLKyAQaUFVGsRXCdSXiDdJ5oCRsnx1nS4VQpw68xak3Pl8hbL43V7IkFJZC7-gRvsNl9LJRey1AlK_ppb0ZVMoAQmET1jbah48Y6Dgw.09yWydPQqDnG6xMR8GkJiDkWhsZzxsS6Jl91au9I8Hc&dib_tag=se&qid=1708419375&refinements=p_36%3A1253503011&rnid=16225007011&s=computers-intl-ship&sr=1-28
10482 Direct Connect AC sistema de Bulkhead (4 Port Small Diamond Plate),13.00,https://m.media-amazon.com/images/I/61Mygrd71EL._AC_UL320_.jpg,https://www.amazon.com/-/es/10482-Direct-Connect-sistema-Bulkhead-Diamond/dp/B00IL2UMOS/ref=sr_1_29?dib=eyJ2IjoiMSJ9.QuDG9K-QeNhE2oo5Vrm2XAN6xRvVXo21QZe-GFUUGZ8PtTcJLKyAQaUFVGsRXCdSXiDdJ5oCRsnx1nS4VQpw68xak3Pl8hbL43V7IkFJZC7-gRvsNl9LJRey1AlK_ppb0ZVMoAQmET1jbah48Y6Dgw.09yWydPQqDnG6xMR8GkJiDkWhsZzxsS6Jl91au9I8Hc&dib_tag=se&qid=1708419375&refinements=p_36%3A1253503011&rnid=16225007011&s=computers-intl-ship&sr=1-29
Panduit S6229BF.,13.28,https://m.media-amazon.com/images/I/21DiDM6078L._AC_UL320_.jpg,https://www.amazon.com/-/es/VT-1-Q-Panduit-S6229BF/dp/B009EBZFMO/ref=sr_1_30?dib=eyJ2IjoiMSJ9.QuDG9K-QeNhE2oo5Vrm2XAN6xRvVXo21QZe-GFUUGZ8PtTcJLKyAQaUFVGsRXCdSXiDdJ5oCRsnx1nS4VQpw68xak3Pl8hbL43V7IkFJZC7-gRvsNl9LJRey1AlK_ppb0ZVMoAQmET1jbah48Y6Dgw.09yWydPQqDnG6xMR8GkJiDkWhsZzxsS6Jl91au9I8Hc&dib_tag=se&qid=1708419375&refinements=p_36%3A1253503011&rnid=16225007011&s=computers-intl-ship&sr=1-30
Panduit UTPSP9VLY extensión de la garantía,15.04,https://m.media-amazon.com/images/I/21ct6JWsDOL._AC_UL320_.jpg,https://www.amazon.com/-/es/UTPSP9VLY-Panduit-extensi%C3%B3n-garant%C3%ADa/dp/B009EBZ560/ref=sr_1_31?dib=eyJ2IjoiMSJ9.QuDG9K-QeNhE2oo5Vrm2XAN6xRvVXo21QZe-GFUUGZ8PtTcJLKyAQaUFVGsRXCdSXiDdJ5oCRsnx1nS4VQpw68xak3Pl8hbL43V7IkFJZC7-gRvsNl9LJRey1AlK_ppb0ZVMoAQmET1jbah48Y6Dgw.09yWydPQqDnG6xMR8GkJiDkWhsZzxsS6Jl91au9I8Hc&dib_tag=se&qid=1708419375&refinements=p_36%3A1253503011&rnid=16225007011&s=computers-intl-ship&sr=1-31
Panduit N8522BS,15.17,https://m.media-amazon.com/images/I/21aHiu-WGSL._AC_UL320_.jpg,https://www.amazon.com/-/es/UTPSP9ORY-Panduit-N8522BS/dp/B009EBZ3YY/ref=sr_1_32?dib=eyJ2IjoiMSJ9.QuDG9K-QeNhE2oo5Vrm2XAN6xRvVXo21QZe-GFUUGZ8PtTcJLKyAQaUFVGsRXCdSXiDdJ5oCRsnx1nS4VQpw68xak3Pl8hbL43V7IkFJZC7-gRvsNl9LJRey1AlK_ppb0ZVMoAQmET1jbah48Y6Dgw.09yWydPQqDnG6xMR8GkJiDkWhsZzxsS6Jl91au9I8Hc&dib_tag=se&qid=1708419375&refinements=p_36%3A1253503011&rnid=16225007011&s=computers-intl-ship&sr=1-32
Panduit S7829BT,7.72,https://m.media-amazon.com/images/I/21arKLkNTQL._AC_UL320_.jpg,https://www.amazon.com/-/es/SCMS35-L-Panduit-S7829BT/dp/B009EBW5B8/ref=sr_1_33?dib=eyJ2IjoiMSJ9.QuDG9K-QeNhE2oo5Vrm2XAN6xRvVXo21QZe-GFUUGZ8PtTcJLKyAQaUFVGsRXCdSXiDdJ5oCRsnx1nS4VQpw68xak3Pl8hbL43V7IkFJZC7-gRvsNl9LJRey1AlK_ppb0ZVMoAQmET1jbah48Y6Dgw.09yWydPQqDnG6xMR8GkJiDkWhsZzxsS6Jl91au9I8Hc&dib_tag=se&qid=1708419375&refinements=p_36%3A1253503011&rnid=16225007011&s=computers-intl-ship&sr=1-33
Panduit UTPSP25RDY extensión de la garantía,19.74,https://m.media-amazon.com/images/I/21xPGDhlcWL._AC_UL320_.jpg,https://www.amazon.com/-/es/UTPSP25RDY-Panduit-extensi%C3%B3n-garant%C3%ADa/dp/B009EBW17G/ref=sr_1_34?dib=eyJ2IjoiMSJ9.QuDG9K-QeNhE2oo5Vrm2XAN6xRvVXo21QZe-GFUUGZ8PtTcJLKyAQaUFVGsRXCdSXiDdJ5oCRsnx1nS4VQpw68xak3Pl8hbL43V7IkFJZC7-gRvsNl9LJRey1AlK_ppb0ZVMoAQmET1jbah48Y6Dgw.09yWydPQqDnG6xMR8GkJiDkWhsZzxsS6Jl91au9I8Hc&dib_tag=se&qid=1708419375&refinements=p_36%3A1253503011&rnid=16225007011&s=computers-intl-ship&sr=1-34
